collected_at,source_query,source_search_url,result_rank_in_query,video_id,source_url,title,public_views_text,thumbnail_width,thumbnail_height,web_page_type
"2026-09-15T06:16:33Z","youtube shorts content ideas","https://www.youtube.com/results?search_query=youtube+shorts+content+ideas&sp=EgIQCQ%253D%253D","1","t4VQzJtIvAM","https://www.youtube.com/shorts/t4VQzJtIvAM","Try this Creative videography 👀📱 #shorts #videography #ideas","201 миллион просмотров","1080","1920","WEB_PAGE_TYPE_SHORTS"
"2026-09-15T06:16:33Z","youtube shorts content ideas","https://www.youtube.com/results?search_query=youtube+shorts+content+ideas&sp=EgIQCQ%253D%253D","2","NGao97v3KtQ","https://www.youtube.com/shorts/NGao97v3KtQ","Top 3 Shorts Channel Ideas 2025 | Create a Shorts YouTube channel... #shots","1,2 миллиона просмотров","1080","1920","WEB_PAGE_TYPE_SHORTS"
"2026-09-15T06:16:33Z","youtube shorts content ideas","https://www.youtube.com/results?search_query=youtube+shorts+content+ideas&sp=EgIQCQ%253D%253D","3","YP4qT43o8g8","https://www.youtube.com/shorts/YP4qT43o8g8","Cool idea for a short video!!","11 миллионов просмотров","576","1024","WEB_PAGE_TYPE_SHORTS"
"2026-09-15T06:16:33Z","youtube shorts content ideas","https://www.youtube.com/results?search_query=youtube+shorts+content+ideas&sp=EgIQCQ%253D%253D","4","kZO5SpOKc1o","https://www.youtube.com/shorts/kZO5SpOKc1o","Content Ideas🍒|2025| #contentideas #aestheticpinterest #pink #relatable #ideas #explorepage #fyp","64 тысячи просмотров","1080","1920","WEB_PAGE_TYPE_SHORTS"
"2026-09-15T06:16:33Z","youtube shorts content ideas","https://www.youtube.com/results?search_query=youtube+shorts+content+ideas&sp=EgIQCQ%253D%253D","5","p2O2HP0vKV0","https://www.youtube.com/shorts/p2O2HP0vKV0","How to Get More YouTube Shorts Views in 2026","3,7 миллиона просмотров","1080","1920","WEB_PAGE_TYPE_SHORTS"
"2026-09-15T06:16:33Z","youtube shorts content ideas","https://www.youtube.com/results?search_query=youtube+shorts+content+ideas&sp=EgIQCQ%253D%253D","6","GGYak-Aj7MA","https://www.youtube.com/shorts/GGYak-Aj7MA","YouTube Shorts Trick to Get More Views","4,2 миллиона просмотров","1080","1920","WEB_PAGE_TYPE_SHORTS"
"2026-09-15T06:16:33Z","youtube shorts content ideas","https://www.youtube.com/results?search_query=youtube+shorts+content+ideas&sp=EgIQCQ%253D%253D","7","R-c82sYeGWw","https://www.youtube.com/shorts/R-c82sYeGWw","11 Viral YouTube Shorts Channel Ideas","1,6 тысячи просмотров","720","1280","WEB_PAGE_TYPE_SHORTS"
"2026-09-15T06:16:33Z","youtube shorts content ideas","https://www.youtube.com/results?search_query=youtube+shorts+content+ideas&sp=EgIQCQ%253D%253D","8","VVjtIrCMCig","https://www.youtube.com/shorts/VVjtIrCMCig","Trending Topic Par Video Kaise Banaye? ✅ #Editing #Shorts (11/100)","11 миллионов просмотров","720","1280","WEB_PAGE_TYPE_SHORTS"
"2026-09-15T06:16:33Z","youtube shorts content ideas","https://www.youtube.com/results?search_query=youtube+shorts+content+ideas&sp=EgIQCQ%253D%253D","9","SIzXVvb7xy8","https://www.youtube.com/shorts/SIzXVvb7xy8","Enable your scheduled daily digest in the YouTube app","10 миллионов просмотров","720","1280","WEB_PAGE_TYPE_SHORTS"
"2026-09-15T06:16:33Z","youtube shorts content ideas","https://www.youtube.com/results?search_query=youtube+shorts+content+ideas&sp=EgIQCQ%253D%253D","10","MUVijbgTKIU","https://www.youtube.com/shorts/MUVijbgTKIU","Tomato and cucumber 🥒 creative video ideas 💡 #shorts  #ideas #crazy","1,5 миллиона просмотров","1080","1920","WEB_PAGE_TYPE_SHORTS"
"2026-09-15T06:16:33Z","youtube shorts content ideas","https://www.youtube.com/results?search_query=youtube+shorts+content+ideas&sp=EgIQCQ%253D%253D","11","oqy_GsGEm-M","https://www.youtube.com/shorts/oqy_GsGEm-M","100 Video Ideas","498 тысяч просмотров","1080","1920","WEB_PAGE_TYPE_SHORTS"
"2026-09-15T06:16:33Z","youtube shorts content ideas","https://www.youtube.com/results?search_query=youtube+shorts+content+ideas&sp=EgIQCQ%253D%253D","12","IrXGW2C8qVA","https://www.youtube.com/shorts/IrXGW2C8qVA","Top 10 Trending YouTube channel ideas without showing your face #shorts #youtubeshorts #top10","1,4 миллиона просмотров","720","1280","WEB_PAGE_TYPE_SHORTS"
"2026-09-15T06:16:33Z","youtube shorts content ideas","https://www.youtube.com/results?search_query=youtube+shorts+content+ideas&sp=EgIQCQ%253D%253D","13","_eusx933e1E","https://www.youtube.com/shorts/_eusx933e1E","3 Viral Faceless YouTube Shorts Channel ideas","1,2 миллиона просмотров","1080","1350","WEB_PAGE_TYPE_SHORTS"
"2026-09-15T06:16:33Z","youtube shorts content ideas","https://www.youtube.com/results?search_query=youtube+shorts+content+ideas&sp=EgIQCQ%253D%253D","14","AaD2063CUJ8","https://www.youtube.com/shorts/AaD2063CUJ8","Content ideas 💡 *no face* #contentideas #youtube #ideas #aesthetic #cute #shorts","1,3 миллиона просмотров","720","1280","WEB_PAGE_TYPE_SHORTS"
"2026-09-15T06:16:33Z","youtube shorts content ideas","https://www.youtube.com/results?search_query=youtube+shorts+content+ideas&sp=EgIQCQ%253D%253D","15","cVyiAAP5EVQ","https://www.youtube.com/shorts/cVyiAAP5EVQ","Faceless Video Ideas for VIRAL Shorts ⚡️","35 тысяч просмотров","1080","1920","WEB_PAGE_TYPE_SHORTS"
"2026-09-15T06:16:33Z","youtube shorts content ideas","https://www.youtube.com/results?search_query=youtube+shorts+content+ideas&sp=EgIQCQ%253D%253D","16","qgiHt3qRXbg","https://www.youtube.com/shorts/qgiHt3qRXbg","Effortless AI Short Channel Ideas #ai #shorts #ideas","1,8 миллиона просмотров","1080","1920","WEB_PAGE_TYPE_SHORTS"
"2026-09-15T06:16:33Z","youtube shorts content ideas","https://www.youtube.com/results?search_query=youtube+shorts+content+ideas&sp=EgIQCQ%253D%253D","17","Napa2rE6krU","https://www.youtube.com/shorts/Napa2rE6krU","Our Ideas Can Help Everyone ☘️❤️ #dog #fyp #trending #youtubeshorts","235 тысяч просмотров","1080","1920","WEB_PAGE_TYPE_SHORTS"
"2026-09-15T06:16:33Z","youtube shorts content ideas","https://www.youtube.com/results?search_query=youtube+shorts+content+ideas&sp=EgIQCQ%253D%253D","18","6KVBvPfU9IE","https://www.youtube.com/shorts/6KVBvPfU9IE","How to make easy and beautiful reels and shorts for Artists #contentcreator #shortsvideo #shorts","956 тысяч просмотров","720","1280","WEB_PAGE_TYPE_SHORTS"
"2026-09-15T06:16:33Z","youtube shorts content ideas","https://www.youtube.com/results?search_query=youtube+shorts+content+ideas&sp=EgIQCQ%253D%253D","19","zT9TTSgWz2I","https://www.youtube.com/shorts/zT9TTSgWz2I","Video ideas for TikTok and Instagram without showing your face | #shorts #tiktokidea #instagramideas","647 тысяч просмотров","1080","1920","WEB_PAGE_TYPE_SHORTS"
"2026-09-15T06:16:33Z","youtube shorts content ideas","https://www.youtube.com/results?search_query=youtube+shorts+content+ideas&sp=EgIQCQ%253D%253D","20","pCZkgPMhyRA","https://www.youtube.com/shorts/pCZkgPMhyRA","Как найти идеи для контента? #шорты #идеиконтента #стартап #бизнес #создательконтента","1,2 миллиона просмотров","1080","1920","WEB_PAGE_TYPE_SHORTS"
"2026-09-15T06:16:33Z","youtube shorts content ideas","https://www.youtube.com/results?search_query=youtube+shorts+content+ideas&sp=EgIQCQ%253D%253D","21","R-c82sYeGWw","https://www.youtube.com/shorts/R-c82sYeGWw","11 Viral YouTube Shorts Channel Ideas","1,6 тысячи просмотров","720","1280","WEB_PAGE_TYPE_SHORTS"
"2026-09-15T06:16:33Z","youtube shorts content ideas","https://www.youtube.com/results?search_query=youtube+shorts+content+ideas&sp=EgIQCQ%253D%253D","22","khIppFDua2Y","https://www.youtube.com/shorts/khIppFDua2Y","Best Niche Ideas For Youtube Channel in 2025 #shorts #youtubeshorts #nicheideas #viral #trending","1,6 миллиона просмотров","1080","1920","WEB_PAGE_TYPE_SHORTS"
"2026-09-15T06:16:33Z","youtube shorts content ideas","https://www.youtube.com/results?search_query=youtube+shorts+content+ideas&sp=EgIQCQ%253D%253D","23","7CYhdtOM3Fc","https://www.youtube.com/shorts/7CYhdtOM3Fc","5 video ideas シ (NO FACE OR VOICE!!)","1,7 миллиона просмотров","1080","1320","WEB_PAGE_TYPE_SHORTS"
"2026-09-15T06:16:33Z","youtube shorts content ideas","https://www.youtube.com/results?search_query=youtube+shorts+content+ideas&sp=EgIQCQ%253D%253D","24","5A-6LS9hxr8","https://www.youtube.com/shorts/5A-6LS9hxr8","Creative Reel idea! 💡🔥","1,4 миллиона просмотров","1080","1920","WEB_PAGE_TYPE_SHORTS"
"2026-09-15T06:16:33Z","youtube shorts content ideas","https://www.youtube.com/results?search_query=youtube+shorts+content+ideas&sp=EgIQCQ%253D%253D","25","XiJl8aesMcg","https://www.youtube.com/shorts/XiJl8aesMcg","🔥7 идей для видео на YouTube для новичков, чтобы БЫСТРО ВЫРАСТИ! (проверено стратегией!)","1 миллион просмотров","720","1280","WEB_PAGE_TYPE_SHORTS"
"2026-09-15T06:16:33Z","youtube shorts content ideas","https://www.youtube.com/results?search_query=youtube+shorts+content+ideas&sp=EgIQCQ%253D%253D","26","WlRt8Ov4kBk","https://www.youtube.com/shorts/WlRt8Ov4kBk","How to Get Over 100% Retention on YouTube Shorts (Jenny Hoyos)","253 тысячи просмотров","720","1280","WEB_PAGE_TYPE_SHORTS"
"2026-09-15T06:16:33Z","youtube shorts content ideas","https://www.youtube.com/results?search_query=youtube+shorts+content+ideas&sp=EgIQCQ%253D%253D","27","KGu7FgCaWzE","https://www.youtube.com/shorts/KGu7FgCaWzE","The AI YouTube Shorts Method Nobody Talks About","2,2 тысячи просмотров","1080","1920","WEB_PAGE_TYPE_SHORTS"
"2026-09-15T06:16:33Z","youtube shorts content ideas","https://www.youtube.com/results?search_query=youtube+shorts+content+ideas&sp=EgIQCQ%253D%253D","28","yDaH-cdpEik","https://www.youtube.com/shorts/yDaH-cdpEik","Creative videography ideas 💡#shorts","128 миллионов просмотров","1080","1920","WEB_PAGE_TYPE_SHORTS"
"2026-09-15T06:16:33Z","youtube shorts content ideas","https://www.youtube.com/results?search_query=youtube+shorts+content+ideas&sp=EgIQCQ%253D%253D","29","FCjaH4-Ab6s","https://www.youtube.com/shorts/FCjaH4-Ab6s","Creative videography #shortvideo #ideas #shorts #video #videoediting #videography #trending #fyp #yt","61 тысяча просмотров","1080","1920","WEB_PAGE_TYPE_SHORTS"
"2026-09-15T06:16:33Z","youtube shorts editing tips","https://www.youtube.com/results?search_query=youtube+shorts+editing+tips&sp=EgIQCQ%253D%253D","1","LyAoEo4NnDc","https://www.youtube.com/shorts/LyAoEo4NnDc","How to Edit Short Form Content Video in Premiere Pro","2,5 миллиона просмотров","1080","1920","WEB_PAGE_TYPE_SHORTS"
"2026-09-15T06:16:33Z","youtube shorts editing tips","https://www.youtube.com/results?search_query=youtube+shorts+editing+tips&sp=EgIQCQ%253D%253D","2","U19CfIxYJQs","https://www.youtube.com/shorts/U19CfIxYJQs","How to Edit Short Form Content Video in Premiere Pro","861 тысяча просмотров","1080","1920","WEB_PAGE_TYPE_SHORTS"
"2026-09-15T06:16:33Z","youtube shorts editing tips","https://www.youtube.com/results?search_query=youtube+shorts+editing+tips&sp=EgIQCQ%253D%253D","3","ZD7OYFFamKo","https://www.youtube.com/shorts/ZD7OYFFamKo","3 CapCut Video Editing Tips for Viral 🔥 Shorts & Reels #capcut","3,1 миллиона просмотров","1080","1920","WEB_PAGE_TYPE_SHORTS"
"2026-09-15T06:16:33Z","youtube shorts editing tips","https://www.youtube.com/results?search_query=youtube+shorts+editing+tips&sp=EgIQCQ%253D%253D","4","wAKZjllBB0w","https://www.youtube.com/shorts/wAKZjllBB0w","Crazy mobile videography editing tutorial 📱👀 #shorts #tutorial","38 миллионов просмотров","1080","1920","WEB_PAGE_TYPE_SHORTS"
"2026-09-15T06:16:33Z","youtube shorts editing tips","https://www.youtube.com/results?search_query=youtube+shorts+editing+tips&sp=EgIQCQ%253D%253D","5","8xkEICotpOM","https://www.youtube.com/shorts/8xkEICotpOM","How to Make a YouTube Short - Complete Beginner Guide","1,4 миллиона просмотров","1080","1920","WEB_PAGE_TYPE_SHORTS"
"2026-09-15T06:16:33Z","youtube shorts editing tips","https://www.youtube.com/results?search_query=youtube+shorts+editing+tips&sp=EgIQCQ%253D%253D","6","s0JiQqG11_U","https://www.youtube.com/shorts/s0JiQqG11_U","How To EDIT Like Pro | Mobile Video EDITING Course 2025🤩","2,6 миллиона просмотров","1080","1920","WEB_PAGE_TYPE_SHORTS"
"2026-09-15T06:16:33Z","youtube shorts editing tips","https://www.youtube.com/results?search_query=youtube+shorts+editing+tips&sp=EgIQCQ%253D%253D","7","gfn57YD9Yj0","https://www.youtube.com/shorts/gfn57YD9Yj0","My capcut editing steps🍞 #fyp #tiktok #recommended #popular #bread","18 миллионов просмотров","1080","1920","WEB_PAGE_TYPE_SHORTS"
"2026-09-15T06:16:33Z","youtube shorts editing tips","https://www.youtube.com/results?search_query=youtube+shorts+editing+tips&sp=EgIQCQ%253D%253D","8","NvKXGc4HgXU","https://www.youtube.com/shorts/NvKXGc4HgXU","Мой любимый прием для редактирования видео!","1,5 миллиона просмотров","1080","1920","WEB_PAGE_TYPE_SHORTS"
"2026-09-15T06:16:33Z","youtube shorts editing tips","https://www.youtube.com/results?search_query=youtube+shorts+editing+tips&sp=EgIQCQ%253D%253D","9","7t3DdWYzBs0","https://www.youtube.com/shorts/7t3DdWYzBs0","Лучшие настройки для коротких видео на YouTube в DaVinci Resolve","142 тысячи просмотров","720","1280","WEB_PAGE_TYPE_SHORTS"
"2026-09-15T06:16:33Z","youtube shorts editing tips","https://www.youtube.com/results?search_query=youtube+shorts+editing+tips&sp=EgIQCQ%253D%253D","10","tT1JRa28iL0","https://www.youtube.com/shorts/tT1JRa28iL0","5 Second Trick to get WAY MORE Views on YouTube Shorts","10 миллионов просмотров","720","1280","WEB_PAGE_TYPE_SHORTS"
"2026-09-15T06:16:33Z","youtube shorts editing tips","https://www.youtube.com/results?search_query=youtube+shorts+editing+tips&sp=EgIQCQ%253D%253D","11","MOoM-m0PBxE","https://www.youtube.com/shorts/MOoM-m0PBxE","3 Video Editing Tips To Keep Your Audience Engaged","111 тысяч просмотров","720","1280","WEB_PAGE_TYPE_SHORTS"
"2026-09-15T06:16:33Z","youtube shorts editing tips","https://www.youtube.com/results?search_query=youtube+shorts+editing+tips&sp=EgIQCQ%253D%253D","12","PXNImaiQI1c","https://www.youtube.com/shorts/PXNImaiQI1c","Создайте короткометражный ролик для YouTube в DaVinci Resolve за МИНУТЫ, а не часы!","40 тысяч просмотров","1080","1920","WEB_PAGE_TYPE_SHORTS"
"2026-09-15T06:16:33Z","youtube shorts editing tips","https://www.youtube.com/results?search_query=youtube+shorts+editing+tips&sp=EgIQCQ%253D%253D","13","goQaR5TAIUA","https://www.youtube.com/shorts/goQaR5TAIUA","VN EDIT vs CAPCUT 😈 🔥 #shorts #viral #trending #vn #capcut #editing","1,8 миллиона просмотров","1080","1080","WEB_PAGE_TYPE_SHORTS"
"2026-09-15T06:16:33Z","youtube shorts editing tips","https://www.youtube.com/results?search_query=youtube+shorts+editing+tips&sp=EgIQCQ%253D%253D","14","WlRt8Ov4kBk","https://www.youtube.com/shorts/WlRt8Ov4kBk","How to Get Over 100% Retention on YouTube Shorts (Jenny Hoyos)","253 тысячи просмотров","720","1280","WEB_PAGE_TYPE_SHORTS"
"2026-09-15T06:16:33Z","youtube shorts editing tips","https://www.youtube.com/results?search_query=youtube+shorts+editing+tips&sp=EgIQCQ%253D%253D","15","RFH8PhuHV2Q","https://www.youtube.com/shorts/RFH8PhuHV2Q","Anime Edits in VN Video Editor - Tutorial #shorts","2,1 миллиона просмотров","1080","1920","WEB_PAGE_TYPE_SHORTS"
"2026-09-15T06:16:33Z","youtube shorts editing tips","https://www.youtube.com/results?search_query=youtube+shorts+editing+tips&sp=EgIQCQ%253D%253D","16","5FBmnF8u92k","https://www.youtube.com/shorts/5FBmnF8u92k","Как изменить размер видео для TikTok и YouTube Shorts — советы Premiere Pro №5","120 тысяч просмотров","1080","1920","WEB_PAGE_TYPE_SHORTS"
"2026-09-15T06:16:33Z","youtube shorts editing tips","https://www.youtube.com/results?search_query=youtube+shorts+editing+tips&sp=EgIQCQ%253D%253D","17","DO-hU83TCkc","https://www.youtube.com/shorts/DO-hU83TCkc","How to start Video Editing for VTubers #shorts","38 тысяч просмотров","1080","1920","WEB_PAGE_TYPE_SHORTS"
"2026-09-15T06:16:33Z","youtube shorts editing tips","https://www.youtube.com/results?search_query=youtube+shorts+editing+tips&sp=EgIQCQ%253D%253D","18","sCJnen9jEeo","https://www.youtube.com/shorts/sCJnen9jEeo","YouTube #Shorts in Shotcut","44 тысячи просмотров","406","720","WEB_PAGE_TYPE_SHORTS"
"2026-09-15T06:16:33Z","youtube shorts editing tips","https://www.youtube.com/results?search_query=youtube+shorts+editing+tips&sp=EgIQCQ%253D%253D","19","o8DBFdRwjDo","https://www.youtube.com/shorts/o8DBFdRwjDo","EASILY turn your Videos into Shorts 🩳","1,3 миллиона просмотров","720","1280","WEB_PAGE_TYPE_SHORTS"
"2026-09-15T06:16:33Z","youtube shorts editing tips","https://www.youtube.com/results?search_query=youtube+shorts+editing+tips&sp=EgIQCQ%253D%253D","20","2HpXw_gB30A","https://www.youtube.com/shorts/2HpXw_gB30A","I EDITED THIS VIDEO FOR THARUN SPEAKS #shorts #tutorial  #editing","699 тысяч просмотров","1080","1920","WEB_PAGE_TYPE_SHORTS"
"2026-09-15T06:16:33Z","youtube shorts editing tips","https://www.youtube.com/results?search_query=youtube+shorts+editing+tips&sp=EgIQCQ%253D%253D","21","SmsNAtaLR9I","https://www.youtube.com/shorts/SmsNAtaLR9I","Recent Visual Editing Trends✨","399 тысяч просмотров","1080","1920","WEB_PAGE_TYPE_SHORTS"
"2026-09-15T06:16:33Z","youtube shorts editing tips","https://www.youtube.com/results?search_query=youtube+shorts+editing+tips&sp=EgIQCQ%253D%253D","22","nCbDxCiooTo","https://www.youtube.com/shorts/nCbDxCiooTo","Text Reveal Capcut Vs Vn Video Editor #shorts","1,2 миллиона просмотров","1080","1920","WEB_PAGE_TYPE_SHORTS"
"2026-09-15T06:16:33Z","youtube shorts editing tips","https://www.youtube.com/results?search_query=youtube+shorts+editing+tips&sp=EgIQCQ%253D%253D","23","d6AhB4teFk8","https://www.youtube.com/shorts/d6AhB4teFk8","SIMPLE TRICK To Get MASSIVE YouTube Shorts Views!","3 миллиона просмотров","1080","1920","WEB_PAGE_TYPE_SHORTS"
"2026-09-15T06:16:33Z","youtube shorts editing tips","https://www.youtube.com/results?search_query=youtube+shorts+editing+tips&sp=EgIQCQ%253D%253D","24","PzAmUnyEJW0","https://www.youtube.com/shorts/PzAmUnyEJW0","Quick and easy editing tip for your gaming clips! #cod #warzone #capcut #gaming #streaming","588 тысяч просмотров","1080","1920","WEB_PAGE_TYPE_SHORTS"
"2026-09-15T06:16:33Z","youtube shorts editing tips","https://www.youtube.com/results?search_query=youtube+shorts+editing+tips&sp=EgIQCQ%253D%253D","25","MoVlt-ptxIk","https://www.youtube.com/shorts/MoVlt-ptxIk","How to Edit Short Form Content in Premiere Pro and After Effects","693 тысячи просмотров","1080","1920","WEB_PAGE_TYPE_SHORTS"
"2026-09-15T06:16:33Z","youtube shorts analytics","https://www.youtube.com/results?search_query=youtube+shorts+analytics&sp=EgIQCQ%253D%253D","1","HZX5gX5Wv3M","https://www.youtube.com/shorts/HZX5gX5Wv3M","YouTube Shorts Tips / Viral Video Analytics 📈","16 тысяч просмотров","720","1280","WEB_PAGE_TYPE_SHORTS"
"2026-09-15T06:16:33Z","youtube shorts analytics","https://www.youtube.com/results?search_query=youtube+shorts+analytics&sp=EgIQCQ%253D%253D","2","kOZ_NM7w7Ac","https://www.youtube.com/shorts/kOZ_NM7w7Ac","Will Your SHORT Go Viral? (Algorithm explained)","727 тысяч просмотров","1080","1920","WEB_PAGE_TYPE_SHORTS"
"2026-09-15T06:16:33Z","youtube shorts analytics","https://www.youtube.com/results?search_query=youtube+shorts+analytics&sp=EgIQCQ%253D%253D","3","6e9umHopEI0","https://www.youtube.com/shorts/6e9umHopEI0","Is this the most important metric on YouTube Shorts?","129 тысяч просмотров","1080","1920","WEB_PAGE_TYPE_SHORTS"
"2026-09-15T06:16:33Z","youtube shorts analytics","https://www.youtube.com/results?search_query=youtube+shorts+analytics&sp=EgIQCQ%253D%253D","4","rtsDAFEyRLA","https://www.youtube.com/shorts/rtsDAFEyRLA","Analytics of a viral video #shorts","3,1 тысячи просмотров","720","1280","WEB_PAGE_TYPE_SHORTS"
"2026-09-15T06:16:33Z","youtube shorts analytics","https://www.youtube.com/results?search_query=youtube+shorts+analytics&sp=EgIQCQ%253D%253D","5","vyE7u7jLbdA","https://www.youtube.com/shorts/vyE7u7jLbdA","Сколько мне принесла доля дохода от рекламы коротких видео на YouTube с 8 миллионами просмотров","3,1 миллиона просмотров","1080","1920","WEB_PAGE_TYPE_SHORTS"
"2026-09-15T06:16:33Z","youtube shorts analytics","https://www.youtube.com/results?search_query=youtube+shorts+analytics&sp=EgIQCQ%253D%253D","6","zASQ6mQuEE0","https://www.youtube.com/shorts/zASQ6mQuEE0","How the YouTube Shorts Algorithm Actually Works in 2026","48 тысяч просмотров","1080","1920","WEB_PAGE_TYPE_SHORTS"
"2026-09-15T06:16:33Z","youtube shorts analytics","https://www.youtube.com/results?search_query=youtube+shorts+analytics&sp=EgIQCQ%253D%253D","7","YUKjo7jr-Qw","https://www.youtube.com/shorts/YUKjo7jr-Qw","Why your shorts flatline on YouTube","408 тысяч просмотров","1080","1920","WEB_PAGE_TYPE_SHORTS"
"2026-09-15T06:16:33Z","youtube shorts analytics","https://www.youtube.com/results?search_query=youtube+shorts+analytics&sp=EgIQCQ%253D%253D","8","cSsbIa464NE","https://www.youtube.com/shorts/cSsbIa464NE","🔥💰 How Much YouTube Paid me for 1 Million Views on Shorts in 2025 (Real RPM Breakdown)","1,6 миллиона просмотров","1080","1920","WEB_PAGE_TYPE_SHORTS"
"2026-09-15T06:16:33Z","youtube shorts analytics","https://www.youtube.com/results?search_query=youtube+shorts+analytics&sp=EgIQCQ%253D%253D","9","oZhUJHZkJn0","https://www.youtube.com/shorts/oZhUJHZkJn0","My YouTube Channel Full Views 😱 | Complete Analytics | #Shorts","128 просмотров","1080","1920","WEB_PAGE_TYPE_SHORTS"
"2026-09-15T06:16:33Z","youtube shorts analytics","https://www.youtube.com/results?search_query=youtube+shorts+analytics&sp=EgIQCQ%253D%253D","10","nJYk4zK0VKQ","https://www.youtube.com/shorts/nJYk4zK0VKQ","Почему просмотры ваших коротких видео на YouTube ВНЕЗАПНО ОСТАНОВИЛИСЬ (исправьте это)","1 миллион просмотров","1080","1920","WEB_PAGE_TYPE_SHORTS"
"2026-09-15T06:16:33Z","youtube shorts analytics","https://www.youtube.com/results?search_query=youtube+shorts+analytics&sp=EgIQCQ%253D%253D","11","DCPxwDViouQ","https://www.youtube.com/shorts/DCPxwDViouQ","How to See Engaged Views on YouTube Shorts","21 тысяча просмотров","1080","1920","WEB_PAGE_TYPE_SHORTS"
"2026-09-15T06:16:33Z","youtube shorts analytics","https://www.youtube.com/results?search_query=youtube+shorts+analytics&sp=EgIQCQ%253D%253D","12","GovXKk0m9gs","https://www.youtube.com/shorts/GovXKk0m9gs","Stayed to Watch (Viewed) vs swiped away 🔥 BRAND NEW metric for YouTube Shorts in YT Studio Analytics","40 тысяч просмотров","720","1280","WEB_PAGE_TYPE_SHORTS"
"2026-09-15T06:16:33Z","youtube shorts analytics","https://www.youtube.com/results?search_query=youtube+shorts+analytics&sp=EgIQCQ%253D%253D","13","vgGbOxAT1LI","https://www.youtube.com/shorts/vgGbOxAT1LI","YouTube Shorts Revenue Check","3,7 миллиона просмотров","720","1280","WEB_PAGE_TYPE_SHORTS"
"2026-09-15T06:16:33Z","youtube shorts analytics","https://www.youtube.com/results?search_query=youtube+shorts+analytics&sp=EgIQCQ%253D%253D","14","WqWZq3vaNac","https://www.youtube.com/shorts/WqWZq3vaNac","2 New Performance Metrics for Shorts! 📊🤳","113 тысяч просмотров","720","1280","WEB_PAGE_TYPE_SHORTS"
"2026-09-15T06:16:33Z","youtube shorts analytics","https://www.youtube.com/results?search_query=youtube+shorts+analytics&sp=EgIQCQ%253D%253D","15","ErUGkfEDvao","https://www.youtube.com/shorts/ErUGkfEDvao","YouTube Shorts: Crush the Swipe Rate & Go Viral! #shorts","4,6 тысячи просмотров","1080","1920","WEB_PAGE_TYPE_SHORTS"
"2026-09-15T06:16:33Z","youtube shorts analytics","https://www.youtube.com/results?search_query=youtube+shorts+analytics&sp=EgIQCQ%253D%253D","16","qP08DqrxwzA","https://www.youtube.com/shorts/qP08DqrxwzA","How To Go Viral on YouTube Shorts FAST #shorts","76 тысяч просмотров","1080","1920","WEB_PAGE_TYPE_SHORTS"
"2026-09-15T06:16:33Z","youtube shorts analytics","https://www.youtube.com/results?search_query=youtube+shorts+analytics&sp=EgIQCQ%253D%253D","17","p2O2HP0vKV0","https://www.youtube.com/shorts/p2O2HP0vKV0","How to Get More YouTube Shorts Views in 2026","3,7 миллиона просмотров","1080","1920","WEB_PAGE_TYPE_SHORTS"
"2026-09-15T06:16:33Z","youtube shorts analytics","https://www.youtube.com/results?search_query=youtube+shorts+analytics&sp=EgIQCQ%253D%253D","18","qA-zNJAi1-U","https://www.youtube.com/shorts/qA-zNJAi1-U","How to Analyze #Video #Retention Graph","100 тысяч просмотров","1080","1920","WEB_PAGE_TYPE_SHORTS"
"2026-09-15T06:16:33Z","youtube shorts analytics","https://www.youtube.com/results?search_query=youtube+shorts+analytics&sp=EgIQCQ%253D%253D","19","tERpcdy8RVk","https://www.youtube.com/shorts/tERpcdy8RVk","Why Your Shorts Are Stuck at 500 Views? (Fix This!)","1,5 миллиона просмотров","1080","1920","WEB_PAGE_TYPE_SHORTS"
"2026-09-15T06:16:33Z","youtube shorts analytics","https://www.youtube.com/results?search_query=youtube+shorts+analytics&sp=EgIQCQ%253D%253D","20","r6yIaK21kzw","https://www.youtube.com/shorts/r6yIaK21kzw","How Much YouTube Shorts Really Pay? 5k Views ? #shorts #earning #ytearnings","1,1 миллиона просмотров","1080","1920","WEB_PAGE_TYPE_SHORTS"
"2026-09-15T06:16:33Z","youtube shorts analytics","https://www.youtube.com/results?search_query=youtube+shorts+analytics&sp=EgIQCQ%253D%253D","21","WlRt8Ov4kBk","https://www.youtube.com/shorts/WlRt8Ov4kBk","How to Get Over 100% Retention on YouTube Shorts (Jenny Hoyos)","253 тысячи просмотров","720","1280","WEB_PAGE_TYPE_SHORTS"
"2026-09-15T06:16:33Z","youtube shorts analytics","https://www.youtube.com/results?search_query=youtube+shorts+analytics&sp=EgIQCQ%253D%253D","22","hzrniVqiWvk","https://www.youtube.com/shorts/hzrniVqiWvk","YouTube me analytics check kaise kare | how to check youtube channel analytics #youtube #shorts","59 тысяч просмотров","720","1280","WEB_PAGE_TYPE_SHORTS"
"2026-09-15T06:16:33Z","youtube shorts analytics","https://www.youtube.com/results?search_query=youtube+shorts+analytics&sp=EgIQCQ%253D%253D","23","I8C6Bi1eVyc","https://www.youtube.com/shorts/I8C6Bi1eVyc","youtube studio channel analytics report","203 тысячи просмотров","720","1280","WEB_PAGE_TYPE_SHORTS"
"2026-09-15T06:16:33Z","youtube shorts analytics","https://www.youtube.com/results?search_query=youtube+shorts+analytics&sp=EgIQCQ%253D%253D","24","d6AhB4teFk8","https://www.youtube.com/shorts/d6AhB4teFk8","SIMPLE TRICK To Get MASSIVE YouTube Shorts Views!","3 миллиона просмотров","1080","1920","WEB_PAGE_TYPE_SHORTS"
"2026-09-15T06:16:33Z","youtube shorts analytics","https://www.youtube.com/results?search_query=youtube+shorts+analytics&sp=EgIQCQ%253D%253D","25","Vn3mOLTZ24c","https://www.youtube.com/shorts/Vn3mOLTZ24c","Set Shorts Visibility on YouTube","1,1 миллиона просмотров","720","1280","WEB_PAGE_TYPE_SHORTS"
